{
	"left":[
	[37.760913, -122.495180],
	[37.759042, -122.495064],
	[37.757184, -122.494933],
	[37.755318, -122.494802],
	[37.753480, -122.494675],
	[37.751582, -122.494540],
	[37.749724, -122.494404],
	[37.747858, -122.494275]],
	"right":[
	[37.761676, -122.478064],
	[37.759811, -122.477933],
	[37.757950, -122.477802],
	[37.756077, -122.477663],
	[37.754193, -122.477525],
	[37.752345, -122.477406],
	[37.750483, -122.477275],
	[37.748613, -122.477144]],
	"top":[
	[37.760913, -122.495180],
	[37.760962, -122.494117],
	[37.761010, -122.493048],
	[37.761058, -122.491960],
	[37.761104, -122.490901],
	[37.761150, -122.489832],
	[37.761198, -122.488748],
	[37.761245, -122.487684],
	[37.761294, -122.486606],
	[37.761347, -122.485520],
	[37.761394, -122.484459],
	[37.761436, -122.483390],
	[37.761478, -122.482357],
	[37.761527, -122.481303],
	[37.761579, -122.480221],
	[37.761633, -122.479142],
	[37.761676, -122.478064]],
	"bottom":[
	[37.747858, -122.494275],
	[37.747910, -122.493197],
	[37.747953, -122.492136],
	[37.748000, -122.491063],
	[37.748048, -122.489989],
	[37.748094, -122.488921],
	[37.748142, -122.487856],
	[37.748189, -122.486781],
	[37.748239, -122.485705],
	[37.748286, -122.484636],
	[37.748331, -122.483563],
	[37.748377, -122.482495],
	[37.748424, -122.481431],
	[37.748472, -122.480360],
	[37.748520, -122.479290],
	[37.748568, -122.478211],
	[37.748613, -122.477144]]
}